 [NC-Raws] Utawarerumono: Futari no Hakuoro - 06 (CR 1920x1080 AVC AAC MKV) [62370D12].mkv,https://www.36dm.club/down.php?date=1659200880&hash=fb0f32c1aed797c43ae3da51c670dc8562e2625d,magnet:?xt=urn:btih:fb0f32c1aed797c43ae3da51c670dc8562e2625d&tr=http://tracker.36dm.com:2710/announce,2022/07/31 01:08:00,1.3GB
 [NC-Raws] 传颂之物 二人的白皇 - 06 (B-Global 1920x1080 HEVC AAC MKV) [E302CF70].mkv,https://www.36dm.club/down.php?date=1659200380&hash=083b8c78766f7e63c8974414cd2204268c8f067f,magnet:?xt=urn:btih:083b8c78766f7e63c8974414cd2204268c8f067f&tr=http://tracker.36dm.com:2710/announce,2022/07/31 00:59:40,239.6MB
 [NC-Raws] Utawarerumono: Futari no Hakuoro - 04 (CR 1920x1080 AVC AAC MKV) [01B1F532].mkv,https://www.36dm.club/down.php?date=1658729599&hash=5a61f0d5bb2cd355812d36249afd9f62d33a14a2,magnet:?xt=urn:btih:5a61f0d5bb2cd355812d36249afd9f62d33a14a2&tr=http://tracker.36dm.com:2710/announce,2022/07/25 14:13:19,1.3GB
 [NC-Raws] Utawarerumono: Futari no Hakuoro - 04 (CR 1920x1080 AVC AAC MKV) [272C3F4B].mkv,https://www.36dm.club/down.php?date=1658729594&hash=e1290ccbc2ac96410d1b2a07101cd28dd683275f,magnet:?xt=urn:btih:e1290ccbc2ac96410d1b2a07101cd28dd683275f&tr=http://tracker.36dm.com:2710/announce,2022/07/25 14:13:14,1.3GB
 [NC-Raws] Utawarerumono: Futari no Hakuoro - 05 (CR 1920x1080 AVC AAC MKV) [29578E4F].mkv,https://www.36dm.club/down.php?date=1658640323&hash=2a495c79fbe86aea7de1d27b44d814a1d3f789d1,magnet:?xt=urn:btih:2a495c79fbe86aea7de1d27b44d814a1d3f789d1&tr=http://tracker.36dm.com:2710/announce,2022/07/24 13:25:23,1.3GB
 [NC-Raws] 传颂之物 二人的白皇 - 05 (B-Global 1920x1080 HEVC AAC MKV) [1A25B3F6].mkv,https://www.36dm.club/down.php?date=1658595493&hash=56392e3e833eac608dd2adc702bacabe67ecf6af,magnet:?xt=urn:btih:56392e3e833eac608dd2adc702bacabe67ecf6af&tr=http://tracker.36dm.com:2710/announce,2022/07/24 00:58:13,221.4MB
 [NC-Raws] 传颂之物 二人的白皇 - 04 (B-Global 1920x1080 HEVC AAC MKV) [8F7E9640].mkv,https://www.36dm.club/down.php?date=1657991276&hash=dccb72c8d1759efa657d3bd493db1de43345efa1,magnet:?xt=urn:btih:dccb72c8d1759efa657d3bd493db1de43345efa1&tr=http://tracker.36dm.com:2710/announce,2022/07/17 01:07:56,205.8MB
 [NC-Raws] 传颂之物 二人的白皇 - 03 (B-Global 1920x1080 HEVC AAC MKV) [ED44BAAE].mkv,https://www.36dm.club/down.php?date=1657385794&hash=1aae7370f46471eaf650d260251ede7b526096e6,magnet:?xt=urn:btih:1aae7370f46471eaf650d260251ede7b526096e6&tr=http://tracker.36dm.com:2710/announce,2022/07/10 00:56:34,246.9MB
 [NC-Raws] 传颂之物 二人的白皇 - 01 (B-Global 1920x1080 HEVC AAC MKV) [02B81A1F].mkv,https://www.36dm.club/down.php?date=1656781228&hash=f816ba1f6f6796793e8952b6483533b57882fb09,magnet:?xt=urn:btih:f816ba1f6f6796793e8952b6483533b57882fb09&tr=http://tracker.36dm.com:2710/announce,2022/07/03 01:00:28,222.4MB
 [NC-Raws] 传颂之物 二人的白皇 - 02 (B-Global 1920x1080 HEVC AAC MKV) [E6699266].mkv,https://www.36dm.club/down.php?date=1656781191&hash=4a50ef0e0500c244c85a6b61e3b764adae5eb9eb,magnet:?xt=urn:btih:4a50ef0e0500c244c85a6b61e3b764adae5eb9eb&tr=http://tracker.36dm.com:2710/announce,2022/07/03 00:59:51,211.5MB
