 [NC-Raws] 小恶魔之约 - 05 (B-Global 3840x2160 HEVC AAC MKV) [AC0B2521].mkv,https://www.36dm.club/down.php?date=1659203236&hash=20dad21a006fe6efcfdc5d6dfab4d10737159e24,magnet:?xt=urn:btih:20dad21a006fe6efcfdc5d6dfab4d10737159e24&tr=http://tracker.36dm.com:2710/announce,2022/07/31 01:47:16,493.6MB
 [NC-Raws] Engage Kiss - 05 (CR 1920x1080 AVC AAC MKV) [5DB532FC].mkv,https://www.36dm.club/down.php?date=1659203231&hash=484014a417ed3e7ea46d691c2c00a2d86787b72f,magnet:?xt=urn:btih:484014a417ed3e7ea46d691c2c00a2d86787b72f&tr=http://tracker.36dm.com:2710/announce,2022/07/31 01:47:11,1.4GB
 [NC-Raws] 契s之吻 - 05 (Baha 1920x1080 AVC AAC MP4) [299E479D].mp4,https://www.36dm.club/down.php?date=1659203225&hash=573161fc4a40abb35ef0d716ea62792586906a02,magnet:?xt=urn:btih:573161fc4a40abb35ef0d716ea62792586906a02&tr=http://tracker.36dm.com:2710/announce,2022/07/31 01:47:05,458.4MB
 [NC-Raws] Engage Kiss - 04 (CR 1920x1080 AVC AAC MKV) [C2CA4023].mkv,https://www.36dm.club/down.php?date=1658610074&hash=69fc2343aa858b78cbc09c3e82066cb2bce74b90,magnet:?xt=urn:btih:69fc2343aa858b78cbc09c3e82066cb2bce74b90&tr=http://tracker.36dm.com:2710/announce,2022/07/24 05:01:14,1.4GB
 [NC-Raws] 小恶魔之约 - 04 (B-Global 3840x2160 HEVC AAC MKV) [524B6584].mkv,https://www.36dm.club/down.php?date=1658598747&hash=ca92edb9afe90bdbbc335e3b1fe4df6750f9ca9e,magnet:?xt=urn:btih:ca92edb9afe90bdbbc335e3b1fe4df6750f9ca9e&tr=http://tracker.36dm.com:2710/announce,2022/07/24 01:52:27,529.3MB
 [NC-Raws] 契s之吻 - 04 (Baha 1920x1080 AVC AAC MP4) [7B4AC142].mp4,https://www.36dm.club/down.php?date=1658598741&hash=0551506266afec1b1d492469aaf0f97d2b6fd7ff,magnet:?xt=urn:btih:0551506266afec1b1d492469aaf0f97d2b6fd7ff&tr=http://tracker.36dm.com:2710/announce,2022/07/24 01:52:21,466.1MB
 [NC-Raws] 契s之吻 - 03 (Baha 1920x1080 AVC AAC MP4) [4666B25C].mp4,https://www.36dm.club/down.php?date=1657993443&hash=bcf5a5766effd2b8b813adba98ea4414f69cb5b3,magnet:?xt=urn:btih:bcf5a5766effd2b8b813adba98ea4414f69cb5b3&tr=http://tracker.36dm.com:2710/announce,2022/07/17 01:44:03,537MB
 [NC-Raws] 小恶魔之约 - 03 (B-Global 3840x2160 HEVC AAC MKV) [9360050C].mkv,https://www.36dm.club/down.php?date=1657993438&hash=68e299a00af08e48bb3b7e1410354348111a8969,magnet:?xt=urn:btih:68e299a00af08e48bb3b7e1410354348111a8969&tr=http://tracker.36dm.com:2710/announce,2022/07/17 01:43:58,657.1MB
 [NC-Raws] 小恶魔之约 - 02 (B-Global 1920x1080 HEVC AAC MKV) [07A4617A].mkv,https://www.36dm.club/down.php?date=1657388692&hash=08889f370683056ffabd87b8f2af041e2a27a1ce,magnet:?xt=urn:btih:08889f370683056ffabd87b8f2af041e2a27a1ce&tr=http://tracker.36dm.com:2710/announce,2022/07/10 01:44:52,249.4MB
 [NC-Raws] 契s之吻 - 02 (Baha 1920x1080 AVC AAC MP4) [AA78F314].mp4,https://www.36dm.club/down.php?date=1657388688&hash=e08ffee747e875264c35288d3ff643bbda4e026e,magnet:?xt=urn:btih:e08ffee747e875264c35288d3ff643bbda4e026e&tr=http://tracker.36dm.com:2710/announce,2022/07/10 01:44:48,457.8MB
 [NC-Raws] 小恶魔之约 - 01 (B-Global 1920x1080 HEVC AAC MKV) [B3E69F34].mkv,https://www.36dm.club/down.php?date=1656783960&hash=ac68525e50a8ea1ec0a4392b0d3086c163580c1b,magnet:?xt=urn:btih:ac68525e50a8ea1ec0a4392b0d3086c163580c1b&tr=http://tracker.36dm.com:2710/announce,2022/07/03 01:46:00,276.9MB
 [NC-Raws] 契s之吻 - 01 (Baha 1920x1080 AVC AAC MP4) [2198BCEC].mp4,https://www.36dm.club/down.php?date=1656783949&hash=1db3ecf86a216a9e4c9d2a10ff91495918d17c74,magnet:?xt=urn:btih:1db3ecf86a216a9e4c9d2a10ff91495918d17c74&tr=http://tracker.36dm.com:2710/announce,2022/07/03 01:45:49,568MB
