 [Nekomoe kissaten][Summer Time Rendering][16][1080p][JPSC].mp4,https://www.36dm.club/down.php?date=1659063172&hash=82fe213c0ed769c97ad8b720d3b89fccde8b5e5e,magnet:?xt=urn:btih:82fe213c0ed769c97ad8b720d3b89fccde8b5e5e&tr=http://tracker.36dm.com:2710/announce,2022/07/29 10:52:52,352.5MB
 [Nekomoe kissaten][Summer Time Rendering][15][1080p][JPSC].mp4,https://www.36dm.club/down.php?date=1658490541&hash=b24d8c0697e9b45a0aadc65b59164b103d797c60,magnet:?xt=urn:btih:b24d8c0697e9b45a0aadc65b59164b103d797c60&tr=http://tracker.36dm.com:2710/announce,2022/07/22 19:49:01,539.2MB
 [Nekomoe kissaten][Summer Time Rendering][14][1080p][JPSC].mp4,https://www.36dm.club/down.php?date=1658038507&hash=13f0611aa13179f18cc019b4fdbbdc21c65561f5,magnet:?xt=urn:btih:13f0611aa13179f18cc019b4fdbbdc21c65561f5&tr=http://tracker.36dm.com:2710/announce,2022/07/17 14:15:07,424.2MB
 [Nekomoe kissaten][Summer Time Rendering][13][1080p][JPSC].mp4,https://www.36dm.club/down.php?date=1657287813&hash=16deb03b0c971c04d1df4cb7013e270f6c9e836f,magnet:?xt=urn:btih:16deb03b0c971c04d1df4cb7013e270f6c9e836f&tr=http://tracker.36dm.com:2710/announce,2022/07/08 21:43:33,692.9MB
 [Nekomoe kissaten][Summer Time Rendering][12][1080p][JPSC].mp4,https://www.36dm.club/down.php?date=1656643927&hash=aa8e52b52954998205bed4a5e2c4580c5e114f90,magnet:?xt=urn:btih:aa8e52b52954998205bed4a5e2c4580c5e114f90&tr=http://tracker.36dm.com:2710/announce,2022/07/01 10:52:07,657.3MB
 [Nekomoe kissaten][Summer Time Rendering][11][1080p][JPSC].mp4,https://www.36dm.club/down.php?date=1656027197&hash=fa2360f1e072fee00d1b8ba8d0a2d63d4f9de1ef,magnet:?xt=urn:btih:fa2360f1e072fee00d1b8ba8d0a2d63d4f9de1ef&tr=http://tracker.36dm.com:2710/announce,2022/06/24 07:33:17,539.4MB
 [Nekomoe kissaten][Summer Time Rendering][10][1080p][JPSC].mp4,https://www.36dm.club/down.php?date=1655419024&hash=6832b8ae0c590d07655af384b2bb34a7883750bc,magnet:?xt=urn:btih:6832b8ae0c590d07655af384b2bb34a7883750bc&tr=http://tracker.36dm.com:2710/announce,2022/06/17 06:37:04,616.9MB
 [Nekomoe kissaten][Summer Time Rendering][09][1080p][JPSC].mp4,https://www.36dm.club/down.php?date=1654817647&hash=44c688d249cb7959e57408a37450c157d484441e,magnet:?xt=urn:btih:44c688d249cb7959e57408a37450c157d484441e&tr=http://tracker.36dm.com:2710/announce,2022/06/10 07:34:07,578.6MB
 [Nekomoe kissaten][Summer Time Rendering][08][1080p][JPSC].mp4,https://www.36dm.club/down.php?date=1654212765&hash=54e35179d97acef64e502698613b29a94e71ce13,magnet:?xt=urn:btih:54e35179d97acef64e502698613b29a94e71ce13&tr=http://tracker.36dm.com:2710/announce,2022/06/03 07:32:45,644.1MB
 [Nekomoe kissaten][Summer Time Rendering][07][1080p][JPSC].mp4,https://www.36dm.club/down.php?date=1653608324&hash=e886213f107da17d1baebc5ee5fc6a9a74e80e5a,magnet:?xt=urn:btih:e886213f107da17d1baebc5ee5fc6a9a74e80e5a&tr=http://tracker.36dm.com:2710/announce,2022/05/27 07:38:44,565.4MB
 [Nekomoe kissaten][Summer Time Rendering][06][1080p][JPSC].mp4,https://www.36dm.club/down.php?date=1653003169&hash=ca93628d1a0226847cca814948c72f50f8e019ae,magnet:?xt=urn:btih:ca93628d1a0226847cca814948c72f50f8e019ae&tr=http://tracker.36dm.com:2710/announce,2022/05/20 07:32:49,599.7MB
 [Nekomoe kissaten][Summer Time Rendering][04][1080p][JPSC].mp4,https://www.36dm.club/down.php?date=1651793691&hash=ea2a8aa05066b2ae4600b0e83137a2d1be136508,magnet:?xt=urn:btih:ea2a8aa05066b2ae4600b0e83137a2d1be136508&tr=http://tracker.36dm.com:2710/announce,2022/05/06 07:34:51,700.9MB
 [Nekomoe kissaten][Summer Time Rendering][03][1080p][JPSC][v2].mp4,https://www.36dm.club/down.php?date=1651236784&hash=9a6607188e782916033858b76785c21b152f694e,magnet:?xt=urn:btih:9a6607188e782916033858b76785c21b152f694e&tr=http://tracker.36dm.com:2710/announce,2022/04/29 20:53:04,388.4MB
 [Nekomoe kissaten][Summer Time Rendering][03][1080p][JPSC].mp4,https://www.36dm.club/down.php?date=1651188816&hash=a50b5bf0a60ff531f254fa3f2cfecf901df37797,magnet:?xt=urn:btih:a50b5bf0a60ff531f254fa3f2cfecf901df37797&tr=http://tracker.36dm.com:2710/announce,2022/04/29 07:33:36,388.7MB
 [Nekomoe kissaten][Summer Time Rendering][02][1080p][JPSC].mp4,https://www.36dm.club/down.php?date=1650583975&hash=3d5be2e0b357a06d65feaff07ec8fb09971d4556,magnet:?xt=urn:btih:3d5be2e0b357a06d65feaff07ec8fb09971d4556&tr=http://tracker.36dm.com:2710/announce,2022/04/22 07:32:55,698.8MB
 [Nekomoe kissaten][Summer Time Rendering][01][1080p][JPSC].mp4,https://www.36dm.club/down.php?date=1650151947&hash=308f0122b1c3af5db9f3660775a6a2d81bd1e120,magnet:?xt=urn:btih:308f0122b1c3af5db9f3660775a6a2d81bd1e120&tr=http://tracker.36dm.com:2710/announce,2022/04/17 07:32:27,800.7MB
